{"cameraMode":{"drawMode":0,"name":"Shaded","section":"Shading Mode"},"sceneLighting":true,"audioPlay":false,"sceneViewState":{"showFog":true,"showMaterialUpdate":true,"showSkybox":true,"showFlares":true,"showImageEffects":true,"showParticleSystems":true},"in2DMode":false,"pivot":{"x":10.11600399017334,"y":2.5344491004943849,"z":9.94249153137207},"rotation":{"x":-0.11103905737400055,"y":0.8315388560295105,"z":-0.18023638427257539,"w":-0.5135448575019836},"size":0.7989141345024109,"orthographic":false}