{"cameraMode":{"drawMode":0,"name":"Shaded","section":"Shading Mode"},"sceneLighting":false,"audioPlay":false,"sceneViewState":{"showFog":false,"showMaterialUpdate":false,"showSkybox":false,"showFlares":false,"showImageEffects":false,"showParticleSystems":false},"in2DMode":false,"pivot":{"x":10.010000228881836,"y":10.0,"z":10.010000228881836},"rotation":{"x":-0.15828008949756623,"y":-0.5837678909301758,"z":0.11730840802192688,"w":-0.7876555323600769},"size":3.2254230976104738,"orthographic":false}