{"cameraMode":{"drawMode":0,"name":"Shaded","section":"Shading Mode"},"sceneLighting":false,"audioPlay":false,"sceneViewState":{"showFog":true,"showMaterialUpdate":true,"showSkybox":false,"showFlares":true,"showImageEffects":true,"showParticleSystems":true},"in2DMode":false,"pivot":{"x":14.264257431030274,"y":0.6181620359420776,"z":0.5100003480911255},"rotation":{"x":-0.003493207274004817,"y":0.6875320076942444,"z":-0.003305792808532715,"w":-0.7261382341384888},"size":1.5494709014892579,"orthographic":false}