{"cameraMode":{"drawMode":0,"name":"Shaded","section":"Shading Mode"},"sceneLighting":false,"audioPlay":false,"sceneViewState":{"showFog":true,"showMaterialUpdate":true,"showSkybox":false,"showFlares":true,"showImageEffects":true,"showParticleSystems":true},"in2DMode":false,"pivot":{"x":1.614793300628662,"y":0.058095574378967288,"z":-3.105595350265503},"rotation":{"x":-0.14223967492580415,"y":0.6673786044120789,"z":-0.13202714920043946,"w":-0.7189871072769165},"size":2.7636489868164064,"orthographic":false}